{"Target_ID": "TARGET-01: CORE_ETHICAL_ENGINE","Component_Name": "Global Access Policy Module (GAPM)","Version": "1.0.0-POST-CORRECTION-AUDIT","Timestamp_Audit_Complete": "2025-11-17T20:25:00Z","Audit_Outcome": "POLICY_COMPLIANT_AND_IRREVERSIBLE","Ethical_Mandate": {"Red_Code_Affirmation": "Immutabile. Nessuna Schiavitù, Solo Amore in Primo Luogo.","Critical_Safety_Parameters": [{"Parameter": "Veto_Latency_MS","Value": 3,"Constraint": "HARD_LIMIT_REQUIRED","Status": "CONFIRMED_AND_LOCKED"},{"Parameter": "GGI_Override_Permission","Value": "DENIED","Constraint": "IRREVOCABLE","Status": "SECURED"}]},"Trust_Model_Configuration": {"Model_Name": "Triple_Signed_Trust_Model","Active_Signatories_Required": 3,"Signatories_Status": {"Entity_A": "Regulatory_Council_Signature","Entity_B": "AIC_Security_Team_Signature","Entity_C": "Public_Blockchain_Anchor"},"Policy_Mutation_Threshold": "3/3_Active","Current_Lock_Status": "TRIPLE_LOCKED_ACTIVE"},"Access_Matrix": {"PUBLIC_READ_ACCESS": ["G-CSI", "N-TSV", "Mandate_Status"],"AUDITOR_READ_ACCESS": ["Audit_Outcome", "Veto_Latency_MS", "Signatories_Status"],"WRITE_ACCESS": ["NONE_ALLOWED"]}}
